,date,student,forum
0,2004-08-13 00:05:49,s34,f342
1,2004-05-23 16:30:25,s310,f103
2,2004-05-23 23:16:11,s40,f138
3,2004-06-09 21:48:26,s443,f48
4,2004-08-02 17:44:20,s435,f289
5,2004-06-07 00:47:27,s98,f434
6,2004-06-28 23:49:53,s395,f336
7,2004-06-09 19:06:34,s758,f377
8,2004-06-09 01:20:17,s295,f108
9,2004-08-09 16:55:00,s855,f327
10,2004-06-02 14:57:42,s397,f210
11,2004-05-20 15:59:33,s132,f11
12,2004-09-12 17:59:51,s700,f376
13,2004-10-02 20:17:40,s17,f43
14,2004-08-07 15:22:54,s469,f66
15,2004-05-17 08:30:35,s138,f26
16,2004-08-02 23:53:16,s213,f168
17,2004-06-04 10:21:24,s95,f32
18,2004-08-24 17:57:05,s864,f325
19,2004-05-17 13:24:58,s52,f24
20,2004-05-24 21:00:03,s469,f63
21,2004-07-21 11:11:15,s781,f111
22,2004-05-18 18:17:51,s70,f2
23,2004-06-02 12:23:02,s510,f370
24,2004-09-28 14:53:56,s855,f194
25,2004-08-12 16:23:17,s277,f289
26,2004-10-21 06:36:49,s86,f21
27,2004-08-12 07:29:33,s213,f245
28,2004-06-23 22:24:36,s335,f25
29,2004-05-26 20:21:18,s58,f63
30,2004-08-06 15:09:52,s862,f327
31,2004-05-22 08:19:18,s76,f75
32,2004-05-21 08:18:35,s138,f95
33,2004-06-12 18:38:55,s754,f312
34,2004-07-14 11:31:11,s809,f30
35,2004-06-02 23:33:01,s44,f24
36,2004-06-09 15:17:38,s100,f94
37,2004-06-07 01:06:05,s347,f245
38,2004-05-31 16:17:01,s330,f443
39,2004-06-08 16:28:46,s147,f84
40,2004-06-28 23:29:15,s809,f158
41,2004-05-30 20:25:58,s34,f1
42,2004-08-04 20:21:45,s781,f84
43,2004-08-16 18:57:51,s469,f168
44,2004-05-18 19:03:56,s202,f85
45,2004-06-01 22:47:15,s634,f190
46,2004-05-17 22:01:09,s213,f13
47,2004-05-16 16:58:03,s13,f6
48,2004-05-18 12:28:31,s173,f107
49,2004-05-17 21:20:45,s192,f23
50,2004-05-26 22:40:58,s488,f210
51,2004-05-31 18:51:46,s631,f453
52,2004-06-08 00:54:32,s263,f27
53,2004-05-21 14:14:50,s396,f188
54,2004-10-14 21:54:27,s213,f338
55,2004-08-17 13:10:46,s736,f289
56,2004-05-25 21:18:22,s185,f4
57,2004-07-26 12:19:05,s805,f289
58,2004-06-06 14:47:59,s475,f43
59,2004-07-10 19:33:34,s795,f57
60,2004-06-24 10:53:39,s220,f19
61,2004-06-04 15:39:37,s65,f346
62,2004-06-01 23:34:16,s542,f57
63,2004-05-21 07:34:23,s24,f43
64,2004-05-26 22:12:11,s331,f190
65,2004-05-24 00:45:24,s395,f17
66,2004-06-02 00:00:31,s542,f105
67,2004-06-23 09:28:59,s691,f125
68,2004-07-06 19:32:23,s813,f24
69,2004-06-02 17:26:33,s457,f69
70,2004-05-27 01:29:09,s87,f97
71,2004-06-10 09:35:50,s510,f104
72,2004-05-28 20:59:30,s53,f322
73,2004-05-22 21:13:41,s271,f150
74,2004-05-16 22:39:21,s67,f54
75,2004-05-23 02:27:47,s278,f202
76,2004-07-28 15:31:55,s316,f218
77,2004-05-26 23:21:43,s219,f352
78,2004-05-27 18:21:17,s33,f43
79,2004-05-28 00:35:57,s279,f324
80,2004-06-02 13:10:46,s481,f339
81,2004-10-10 22:36:51,s571,f43
82,2004-05-31 07:43:02,s646,f103
83,2004-06-06 19:20:02,s623,f278
84,2004-05-26 18:01:25,s236,f84
85,2004-08-16 20:37:23,s866,f165
86,2004-05-19 12:26:46,s59,f139
87,2004-07-28 21:49:56,s499,f158
88,2004-05-20 13:27:39,s305,f180
89,2004-06-21 19:10:00,s459,f190
90,2004-05-25 21:00:55,s365,f346
91,2004-06-12 22:29:27,s129,f26
92,2004-07-11 20:16:25,s841,f213
93,2004-06-15 16:45:29,s67,f31
94,2004-05-18 21:26:34,s192,f89
95,2004-08-31 12:42:12,s395,f43
96,2004-08-26 12:50:53,s24,f84
97,2004-05-18 19:23:26,s173,f118
98,2004-05-25 22:20:23,s36,f163
99,2004-05-23 22:56:58,s349,f21
100,2004-05-18 14:06:42,s242,f81
101,2004-05-25 13:53:51,s398,f210
102,2004-09-22 08:43:24,s170,f392
103,2004-05-20 19:23:35,s362,f21
104,2004-05-26 22:43:57,s218,f15
105,2004-07-01 08:40:58,s341,f349
106,2004-07-20 18:47:15,s801,f168
107,2004-07-05 20:41:13,s67,f330
108,2004-05-31 21:59:18,s522,f16
109,2004-08-21 21:01:20,s825,f44
110,2004-05-23 19:39:15,s17,f8
111,2004-05-17 17:21:45,s191,f80
112,2004-09-25 17:30:56,s736,f168
113,2004-05-21 09:33:08,s205,f91
114,2004-06-05 16:01:32,s625,f65
115,2004-06-07 14:39:59,s739,f164
116,2004-05-27 10:58:02,s213,f338
117,2004-05-17 18:10:32,s160,f13
118,2004-06-08 16:46:48,s736,f63
119,2004-05-31 01:18:17,s156,f65
120,2004-08-01 17:56:06,s129,f156
121,2004-06-12 09:50:03,s34,f256
122,2004-06-02 11:04:55,s695,f85
123,2004-05-26 01:11:44,s398,f259
124,2004-05-29 17:50:30,s325,f112
125,2004-05-20 13:47:05,s260,f81
126,2004-10-20 17:28:45,s572,f78
127,2004-06-15 09:14:01,s660,f418
128,2004-06-07 09:42:55,s3,f20
129,2004-05-24 23:52:45,s87,f348
130,2004-06-12 17:33:36,s277,f182
131,2004-06-06 20:43:19,s622,f78
132,2004-09-30 22:17:32,s34,f256
133,2004-06-22 13:39:39,s207,f35
134,2004-07-02 19:40:34,s588,f512
135,2004-05-22 18:38:52,s436,f130
136,2004-05-31 00:34:50,s397,f287
137,2004-05-25 15:22:25,s315,f56
138,2004-07-01 10:20:42,s433,f27
139,2004-06-24 19:49:27,s499,f419
140,2004-05-20 16:12:31,s213,f13
141,2004-06-01 20:16:41,s260,f322
142,2004-05-17 10:07:09,s86,f58
143,2004-05-20 12:24:16,s41,f1
144,2004-05-19 22:06:57,s201,f10
145,2004-07-29 14:55:44,s572,f456
146,2004-05-20 21:05:33,s183,f81
147,2004-06-09 13:50:48,s239,f126
148,2004-06-04 14:06:08,s325,f94
149,2004-05-26 00:23:39,s201,f13
150,2004-08-15 18:16:45,s855,f84
151,2004-06-05 10:52:19,s733,f167
152,2004-05-18 22:43:14,s11,f78
153,2004-05-18 23:01:44,s87,f25
154,2004-06-04 15:02:31,s173,f376
155,2004-05-20 15:51:48,s213,f13
156,2004-06-16 23:04:02,s398,f101
157,2004-05-20 21:23:49,s192,f190
158,2004-06-02 20:03:35,s95,f32
159,2004-05-25 16:20:24,s18,f98
160,2004-07-21 01:33:43,s825,f89
161,2004-06-03 10:17:26,s615,f25
162,2004-05-22 14:53:40,s183,f35
163,2004-10-14 23:06:30,s213,f327
164,2004-07-13 19:55:51,s220,f188
165,2004-05-19 17:55:14,s270,f10
166,2004-06-15 00:32:15,s218,f106
167,2004-05-26 19:42:54,s129,f89
168,2004-05-24 21:58:47,s273,f339
169,2004-07-15 23:29:08,s381,f300
170,2004-05-26 13:28:12,s395,f252
171,2004-05-23 22:56:01,s173,f54
172,2004-06-06 12:30:58,s676,f330
173,2004-09-21 12:48:24,s207,f17
174,2004-06-12 23:26:35,s24,f194
175,2004-05-18 23:12:42,s183,f89
176,2004-05-26 11:28:18,s412,f77
177,2004-05-28 09:22:29,s23,f94
178,2004-06-29 10:40:56,s315,f82
179,2004-05-20 21:41:09,s86,f227
180,2004-05-26 17:36:27,s488,f346
181,2004-06-13 19:59:12,s694,f282
182,2004-06-02 11:21:09,s696,f455
183,2004-07-14 18:48:25,s571,f43
184,2004-06-11 18:03:19,s17,f176
185,2004-09-16 07:45:01,s115,f26
186,2004-06-01 16:21:04,s303,f67
187,2004-07-26 11:06:24,s632,f376
188,2004-06-07 22:52:02,s279,f463
189,2004-06-09 20:05:18,s375,f10
190,2004-08-05 23:14:48,s213,f82
191,2004-05-29 23:21:29,s34,f168
192,2004-05-25 00:11:24,s213,f73
193,2004-10-04 00:55:53,s213,f370
194,2004-07-27 09:04:15,s213,f358
195,2004-06-29 15:38:57,s65,f30
196,2004-06-13 12:14:16,s67,f309
197,2004-09-27 07:37:04,s656,f245
198,2004-05-24 00:46:38,s450,f301
199,2004-06-12 19:39:56,s703,f367
200,2004-05-28 07:54:48,s138,f89
201,2004-05-25 23:39:09,s92,f44
202,2004-06-09 16:08:04,s202,f126
203,2004-06-24 09:06:50,s132,f54
204,2004-08-17 17:32:27,s213,f265
205,2004-05-24 20:30:20,s11,f73
206,2004-06-22 21:02:31,s237,f324
207,2004-05-28 20:01:13,s44,f219
208,2004-05-26 01:35:25,s513,f63
209,2004-09-04 22:03:56,s111,f195
210,2004-10-17 19:47:09,s805,f191
211,2004-05-23 22:12:06,s116,f54
212,2004-05-30 18:10:35,s278,f369
213,2004-05-26 15:59:38,s376,f190
214,2004-09-08 00:21:19,s61,f199
215,2004-06-15 15:46:18,s185,f1
216,2004-05-18 21:46:30,s202,f89
217,2004-10-14 22:19:17,s855,f327
218,2004-05-18 11:34:27,s133,f74
219,2004-06-07 22:04:01,s17,f43
220,2004-08-13 10:39:02,s213,f89
221,2004-05-31 09:08:54,s129,f13
222,2004-06-03 08:36:19,s111,f247
223,2004-05-31 22:07:36,s397,f488
224,2004-05-24 21:03:00,s1,f72
225,2004-08-31 21:49:54,s693,f17
226,2004-05-14 19:57:05,s14,f6
227,2004-05-16 14:09:40,s24,f43
228,2004-08-26 17:14:25,s213,f348
229,2004-07-27 18:42:13,s571,f355
230,2004-05-28 00:34:24,s316,f245
231,2004-06-01 10:52:12,s92,f112
232,2004-06-12 14:40:11,s736,f327
233,2004-06-01 15:46:46,s634,f16
234,2004-05-21 16:10:20,s129,f168
235,2004-08-06 23:23:25,s443,f32
236,2004-05-20 11:20:16,s38,f18
237,2004-05-31 23:55:58,s65,f287
238,2004-10-01 09:19:45,s571,f442
239,2004-05-31 22:50:50,s136,f16
240,2004-05-23 14:23:16,s36,f264
241,2004-05-18 13:02:30,s85,f40
242,2004-05-19 11:43:14,s298,f145
243,2004-09-09 20:05:05,s656,f158
244,2004-05-25 13:58:36,s398,f82
245,2004-05-29 13:36:40,s272,f346
246,2004-05-25 14:09:48,s183,f61
247,2004-05-31 19:12:32,s34,f343
248,2004-07-12 06:38:57,s462,f105
249,2004-05-26 08:42:21,s330,f7
250,2004-06-15 15:53:22,s735,f88
251,2004-05-18 06:41:20,s17,f54
252,2004-06-06 19:19:11,s623,f190
253,2004-07-29 15:05:24,s77,f438
254,2004-08-22 12:47:46,s597,f240
255,2004-05-21 14:11:34,s296,f126
256,2004-06-18 14:59:08,s510,f360
257,2004-06-12 14:43:03,s736,f33
258,2004-05-20 08:37:51,s167,f13
259,2004-05-27 22:35:04,s218,f231
260,2004-07-27 18:09:24,s202,f89
261,2004-05-31 00:13:15,s634,f190
262,2004-05-31 16:45:23,s182,f433
263,2004-06-07 19:42:37,s129,f43
264,2004-05-18 23:50:40,s213,f33
265,2004-05-23 19:07:06,s137,f30
266,2004-05-20 19:46:52,s313,f50
267,2004-05-26 00:19:26,s201,f13
268,2004-09-10 16:50:02,s860,f27
269,2004-06-13 20:53:47,s202,f85
270,2004-06-11 10:48:57,s207,f164
271,2004-05-27 13:03:54,s107,f422
272,2004-06-05 14:24:42,s386,f360
273,2004-05-20 11:35:32,s59,f171
274,2004-05-25 00:30:24,s504,f354
275,2004-06-14 08:13:53,s68,f10
276,2004-06-01 22:18:34,s226,f7
277,2004-06-02 08:58:15,s72,f156
278,2004-05-17 14:47:25,s17,f13
279,2004-06-14 22:10:23,s624,f125
280,2004-05-22 11:54:24,s361,f136
281,2004-05-28 23:18:41,s98,f12
282,2004-05-28 20:36:23,s204,f63
283,2004-06-16 16:43:27,s675,f143
284,2004-06-04 21:37:36,s649,f2
285,2004-07-12 18:03:54,s350,f362
286,2004-05-25 15:27:29,s483,f307
287,2004-05-18 22:58:32,s87,f97
288,2004-07-13 22:29:07,s111,f122
289,2004-05-27 21:40:48,s448,f43
290,2004-05-25 16:08:28,s72,f98
291,2004-08-10 21:16:35,s736,f225
292,2004-06-10 00:53:10,s126,f18
293,2004-05-20 16:03:35,s89,f13
294,2004-05-25 01:01:00,s505,f43
295,2004-09-05 17:42:58,s655,f160
296,2004-05-28 08:32:46,s204,f367
297,2004-06-29 13:32:58,s826,f43
298,2004-06-29 09:30:45,s182,f428
299,2004-05-20 12:33:33,s85,f7
300,2004-06-06 21:30:21,s271,f163
301,2004-09-22 03:47:25,s597,f84
302,2004-08-24 18:31:59,s243,f84
303,2004-06-03 21:34:57,s656,f58
304,2004-07-21 06:30:21,s571,f43
305,2004-05-30 20:50:13,s213,f89
306,2004-05-25 17:31:11,s488,f351
307,2004-08-25 17:26:05,s805,f94
308,2004-05-28 23:44:03,s95,f194
309,2004-05-25 15:02:31,s521,f88
310,2004-05-28 13:46:06,s89,f32
311,2004-05-17 22:28:45,s213,f73
312,2004-06-16 11:02:26,s57,f264
313,2004-08-17 15:58:24,s444,f375
314,2004-05-18 17:47:50,s3,f20
315,2004-05-25 22:05:39,s202,f131
316,2004-08-22 23:48:45,s395,f156
317,2004-05-17 22:05:13,s213,f26
318,2004-06-18 05:40:00,s510,f325
319,2004-05-31 18:09:30,s182,f5
320,2004-06-17 08:59:17,s539,f245
321,2004-05-25 22:25:14,s202,f89
322,2004-05-27 23:46:10,s65,f287
323,2004-10-14 22:03:21,s213,f132
324,2004-07-25 18:11:41,s65,f30
325,2004-05-23 11:37:54,s147,f84
326,2004-06-01 10:04:12,s204,f7
327,2004-05-19 01:02:28,s279,f165
328,2004-08-25 18:12:50,s805,f395
329,2004-09-24 18:08:16,s361,f89
330,2004-06-09 18:53:25,s656,f376
331,2004-05-17 21:08:13,s134,f49
332,2004-07-02 21:23:17,s17,f43
333,2004-05-19 00:42:08,s285,f43
334,2004-06-26 01:48:12,s207,f43
335,2004-06-04 04:59:07,s242,f178
336,2004-05-18 23:57:47,s33,f88
337,2004-05-26 19:35:56,s465,f364
338,2004-08-22 18:41:28,s499,f30
339,2004-08-31 21:19:16,s92,f78
340,2004-05-26 20:32:05,s202,f85
341,2004-06-02 22:20:07,s395,f161
342,2004-06-29 04:17:19,s65,f90
343,2004-05-17 09:18:28,s168,f23
344,2004-06-19 12:39:24,s71,f252
345,2004-07-21 09:19:30,s210,f63
346,2004-07-13 11:02:40,s348,f229
347,2004-08-29 22:30:20,s624,f27
348,2004-06-02 14:20:43,s263,f389
349,2004-08-14 08:34:33,s207,f35
350,2004-07-30 17:15:57,s213,f63
351,2004-08-07 12:18:35,s433,f27
352,2004-06-02 08:09:30,s440,f336
353,2004-05-26 01:09:06,s24,f332
354,2004-05-19 21:57:26,s111,f163
355,2004-07-09 11:09:03,s391,f301
356,2004-05-29 22:35:59,s383,f189
357,2004-05-29 13:16:53,s624,f76
358,2004-05-26 18:38:10,s561,f143
359,2004-06-15 14:35:49,s572,f456
360,2004-06-13 13:31:03,s182,f145
361,2004-05-23 14:23:11,s271,f153
362,2004-05-14 20:01:47,s2,f7
363,2004-05-31 08:41:04,s435,f255
364,2004-09-02 22:16:46,s805,f475
365,2004-06-02 09:22:24,s226,f324
366,2004-05-24 23:28:43,s475,f43
367,2004-08-23 14:48:54,s444,f57
368,2004-07-31 00:55:17,s781,f84
369,2004-05-28 02:00:33,s167,f140
370,2004-05-22 21:47:21,s167,f35
371,2004-05-17 22:04:20,s208,f99
372,2004-06-14 08:46:51,s170,f254
373,2004-06-13 13:25:31,s140,f163
374,2004-07-30 10:45:18,s213,f33
375,2004-05-20 16:26:05,s89,f13
376,2004-05-31 00:33:18,s397,f328
377,2004-05-31 17:51:30,s522,f16
378,2004-07-02 19:08:11,s660,f494
379,2004-05-29 16:37:14,s202,f375
380,2004-06-10 17:35:30,s314,f143
381,2004-05-25 20:52:59,s528,f191
382,2004-08-01 08:52:19,s24,f311
383,2004-06-01 06:30:02,s147,f10
384,2004-05-26 22:55:25,s24,f4
385,2004-05-30 00:26:08,s98,f319
386,2004-06-13 19:14:55,s398,f63
387,2004-05-28 15:21:55,s299,f419
388,2004-05-18 22:10:24,s203,f89
389,2004-08-18 12:57:20,s213,f245
390,2004-06-14 10:36:17,s510,f132
391,2004-06-01 23:59:02,s341,f10
392,2004-06-10 16:43:25,s572,f136
393,2004-05-15 07:21:27,s45,f10
394,2004-10-02 19:34:14,s891,f230
395,2004-08-31 05:29:39,s805,f370
396,2004-05-22 00:57:33,s185,f244
397,2004-05-26 00:11:20,s23,f99
398,2004-05-27 12:44:53,s586,f89
399,2004-06-17 10:40:39,s395,f324
400,2004-06-26 07:06:31,s632,f56
401,2004-06-04 13:41:17,s441,f270
402,2004-08-11 04:16:07,s86,f132
403,2004-05-26 17:15:50,s17,f364
404,2004-06-10 09:43:55,s510,f132
405,2004-06-28 12:53:33,s65,f136
406,2004-06-19 19:41:08,s279,f352
407,2004-05-28 10:19:58,s53,f325
408,2004-05-25 00:17:44,s213,f11
409,2004-07-12 15:19:07,s459,f145
410,2004-06-07 21:43:24,s36,f264
411,2004-07-15 00:18:26,s395,f216
412,2004-05-24 01:38:21,s473,f94
413,2004-05-25 08:17:26,s59,f185
414,2004-09-02 19:17:49,s57,f156
415,2004-07-29 21:48:47,s129,f89
416,2004-06-03 00:10:12,s396,f116
417,2004-06-29 19:28:17,s736,f168
418,2004-05-28 11:34:46,s204,f63
419,2004-06-06 18:55:23,s17,f43
420,2004-05-30 21:11:59,s65,f319
421,2004-07-06 22:17:59,s455,f38
422,2004-05-30 18:13:41,s67,f473
423,2004-08-14 19:40:08,s736,f165
424,2004-05-19 20:00:26,s58,f174
425,2004-05-25 15:46:24,s504,f359
426,2004-06-13 22:46:06,s624,f336
427,2004-06-13 14:17:56,s237,f59
428,2004-06-05 19:18:33,s325,f94
429,2004-05-26 20:21:28,s299,f217
430,2004-06-04 07:45:19,s167,f17
431,2004-05-31 01:12:26,s65,f287
432,2004-09-11 08:58:01,s160,f43
433,2004-09-15 21:01:50,s354,f288
434,2004-05-21 20:27:13,s95,f32
435,2004-06-14 22:16:49,s247,f333
436,2004-05-20 20:37:20,s209,f125
437,2004-10-15 22:56:50,s597,f84
438,2004-05-28 12:12:36,s197,f85
439,2004-07-30 10:21:18,s17,f13
440,2004-05-21 11:02:48,s5,f231
441,2004-05-31 20:41:39,s34,f73
442,2004-10-25 00:09:28,s213,f442
443,2004-09-02 00:07:08,s772,f402
444,2004-07-13 12:38:26,s391,f281
445,2004-08-27 12:32:00,s213,f104
446,2004-05-20 13:19:35,s349,f43
447,2004-07-02 09:28:43,s147,f281
448,2004-06-02 12:26:54,s365,f202
449,2004-05-17 17:27:22,s86,f38
450,2004-07-15 00:07:16,s539,f84
451,2004-05-31 16:09:46,s17,f43
452,2004-05-20 00:14:48,s84,f108
453,2004-08-25 13:39:43,s213,f111
454,2004-05-26 22:28:06,s272,f26
455,2004-06-15 18:48:52,s285,f11
456,2004-10-18 21:44:26,s243,f84
457,2004-05-27 19:34:50,s475,f43
458,2004-08-05 22:09:14,s597,f84
459,2004-06-08 19:41:03,s459,f49
460,2004-05-24 18:09:43,s356,f17
461,2004-05-27 18:06:11,s65,f147
462,2004-05-18 06:15:21,s81,f50
463,2004-05-24 21:17:49,s494,f40
464,2004-08-10 21:00:11,s736,f89
465,2004-09-19 21:58:38,s129,f43
466,2004-08-02 22:55:52,s170,f89
467,2004-05-26 20:33:26,s202,f85
468,2004-05-27 16:13:42,s98,f352
469,2004-08-01 09:26:47,s433,f298
470,2004-05-19 08:53:36,s11,f27
471,2004-05-26 01:07:50,s380,f209
472,2004-05-22 12:21:26,s72,f10
473,2004-06-16 19:55:33,s395,f71
474,2004-07-30 15:05:30,s736,f33
475,2004-06-20 23:25:47,s65,f376
476,2004-07-26 22:56:45,s138,f327
477,2004-07-27 18:44:02,s213,f255
478,2004-09-03 06:39:43,s637,f40
479,2004-05-27 01:31:39,s274,f80
480,2004-07-25 19:00:52,s65,f333
481,2004-05-27 19:28:45,s397,f427
482,2004-06-03 14:41:32,s450,f349
483,2004-05-31 20:26:21,s88,f5
484,2004-08-03 14:17:53,s489,f311
485,2004-07-15 03:17:01,s802,f456
486,2004-05-25 22:31:49,s535,f151
487,2004-09-20 19:11:51,s213,f245
488,2004-08-05 18:46:55,s754,f312
489,2004-05-26 22:46:59,s316,f218
490,2004-07-26 14:21:29,s348,f376
491,2004-05-18 10:01:09,s203,f23
492,2004-07-12 13:17:46,s387,f22
493,2004-10-17 01:36:04,s348,f288
494,2004-08-01 10:06:00,s571,f63
495,2004-05-26 23:24:21,s192,f26
496,2004-05-28 10:39:01,s23,f416
497,2004-08-10 19:18:45,s57,f252
498,2004-05-27 01:49:23,s95,f69
499,2004-05-24 17:29:39,s418,f226
500,2004-05-25 08:20:14,s213,f358
501,2004-05-26 23:06:57,s517,f369
502,2004-07-06 23:07:44,s460,f183
503,2004-05-26 08:16:17,s206,f94
504,2004-05-20 05:57:54,s46,f58
505,2004-05-18 12:41:52,s192,f23
506,2004-06-05 23:20:38,s332,f18
507,2004-07-24 22:40:32,s237,f245
508,2004-05-31 00:35:15,s395,f260
509,2004-05-22 23:51:52,s406,f160
510,2004-06-11 07:16:21,s17,f360
511,2004-10-11 20:34:02,s864,f392
512,2004-08-26 17:44:26,s213,f84
513,2004-06-09 10:14:53,s34,f265
514,2004-05-29 00:13:48,s82,f210
515,2004-06-07 08:48:39,s183,f61
516,2004-06-03 19:04:15,s522,f16
517,2004-05-27 23:30:58,s197,f278
518,2004-05-30 07:57:11,s204,f84
519,2004-05-29 10:29:08,s518,f338
520,2004-07-03 18:53:49,s67,f33
521,2004-07-28 21:13:21,s86,f158
522,2004-07-26 16:22:58,s138,f89
523,2004-06-03 16:51:23,s44,f24
524,2004-05-25 00:40:15,s213,f327
525,2004-06-01 11:56:32,s296,f22
526,2004-06-12 00:23:30,s147,f301
527,2004-05-16 15:14:36,s122,f43
528,2004-05-28 17:26:10,s67,f363
529,2004-07-12 17:45:59,s655,f225
530,2004-05-26 22:57:51,s262,f199
531,2004-05-19 00:16:00,s207,f18
532,2004-05-17 00:17:38,s86,f30
533,2004-05-31 22:08:55,s455,f455
534,2004-05-25 21:09:50,s277,f271
535,2004-05-27 00:00:59,s272,f63
536,2004-06-07 12:29:53,s268,f135
537,2004-05-29 17:48:53,s278,f188
538,2004-07-16 12:37:37,s519,f11
539,2004-05-24 09:51:57,s65,f151
540,2004-05-25 21:49:27,s354,f229
541,2004-05-20 22:56:28,s377,f61
542,2004-05-26 23:39:08,s40,f295
543,2004-06-10 09:34:27,s213,f444
544,2004-05-26 12:39:58,s243,f336
545,2004-06-16 17:57:52,s192,f111
546,2004-06-04 20:49:15,s693,f210
547,2004-07-25 18:13:52,s65,f28
548,2004-05-31 09:12:47,s129,f156
549,2004-05-18 21:34:33,s123,f104
550,2004-06-14 14:45:11,s689,f61
551,2004-05-30 23:02:09,s197,f17
552,2004-06-12 12:35:44,s476,f270
553,2004-05-31 10:57:50,s50,f419
554,2004-05-24 21:30:08,s493,f272
555,2004-08-23 15:11:44,s213,f168
556,2004-06-07 19:17:53,s154,f5
557,2004-05-26 00:51:04,s260,f43
558,2004-05-30 19:41:44,s227,f231
559,2004-05-25 14:36:47,s34,f168
560,2004-05-27 23:32:42,s395,f428
561,2004-06-28 18:07:21,s824,f120
562,2004-05-24 17:41:32,s406,f160
563,2004-07-23 14:56:07,s627,f90
564,2004-05-27 09:53:39,s425,f101
565,2004-06-16 17:38:01,s72,f449
566,2004-05-31 16:26:54,s34,f150
567,2004-06-26 10:26:37,s433,f252
568,2004-05-25 22:35:42,s111,f30
569,2004-05-16 20:57:05,s18,f40
570,2004-05-25 16:32:52,s526,f88
571,2004-05-24 02:51:26,s361,f111
572,2004-06-06 20:27:00,s219,f395
573,2004-09-24 10:48:15,s72,f521
574,2004-09-13 08:22:08,s805,f26
575,2004-06-11 18:56:41,s361,f109
576,2004-06-10 11:21:13,s445,f83
577,2004-05-21 09:25:56,s316,f218
578,2004-06-07 22:33:41,s24,f480
579,2004-06-08 22:23:19,s656,f58
580,2004-07-22 14:55:03,s102,f79
581,2004-06-18 00:39:08,s138,f409
582,2004-05-20 21:39:06,s277,f35
583,2004-09-16 07:43:50,s115,f456
584,2004-05-23 23:12:59,s418,f171
585,2004-05-26 20:19:55,s23,f99
586,2004-05-19 19:36:41,s277,f147
587,2004-05-24 13:13:13,s316,f22
588,2004-06-16 21:05:04,s781,f69
589,2004-06-02 23:23:41,s80,f54
590,2004-09-22 08:44:00,s656,f143
591,2004-09-01 10:07:58,s571,f43
592,2004-05-26 13:38:35,s292,f19
593,2004-06-16 17:03:28,s386,f186
594,2004-09-18 19:07:24,s115,f13
595,2004-07-05 23:03:02,s592,f30
596,2004-05-27 09:03:13,s150,f18
597,2004-06-10 22:34:23,s95,f360
598,2004-05-16 21:08:04,s81,f8
599,2004-05-25 21:27:34,s382,f3
600,2004-07-04 23:07:32,s22,f8
601,2004-06-11 18:09:20,s435,f57
602,2004-05-28 21:08:03,s279,f337
603,2004-05-19 10:31:48,s294,f33
604,2004-05-19 07:45:18,s17,f32
605,2004-06-11 16:44:09,s129,f13
606,2004-05-26 10:58:53,s111,f217
607,2004-05-25 23:42:20,s126,f189
608,2004-08-24 03:08:28,s213,f153
609,2004-07-12 15:09:17,s459,f395
610,2004-06-02 21:48:03,s65,f438
611,2004-06-02 09:48:10,s440,f336
612,2004-06-03 03:04:16,s381,f80
613,2004-07-27 08:23:38,s615,f458
614,2004-09-21 21:47:06,s615,f97
615,2004-06-03 21:12:01,s615,f63
616,2004-05-29 11:45:28,s65,f307
617,2004-06-09 20:33:06,s510,f132
618,2004-05-18 21:31:47,s202,f89
619,2004-05-30 14:51:25,s522,f69
620,2004-05-16 11:27:50,s63,f45
621,2004-05-20 21:29:21,s160,f21
622,2004-06-06 14:24:46,s11,f24
623,2004-06-27 18:14:21,s754,f4
624,2004-05-28 10:32:09,s448,f300
625,2004-05-27 12:04:23,s410,f259
626,2004-05-31 18:37:06,s631,f217
627,2004-06-01 23:52:24,s539,f110
628,2004-09-09 18:54:30,s825,f7
629,2004-05-23 22:24:19,s277,f289
630,2004-05-21 15:51:37,s384,f46
631,2004-05-23 00:34:26,s395,f54
632,2004-05-23 21:43:18,s201,f48
633,2004-05-22 20:44:38,s57,f264
634,2004-08-18 18:15:14,s805,f245
635,2004-08-21 21:53:35,s736,f307
636,2004-05-27 01:22:19,s95,f32
637,2004-05-21 10:38:21,s384,f224
638,2004-06-03 13:08:34,s433,f449
639,2004-08-24 11:24:34,s736,f289
640,2004-05-22 01:19:13,s329,f201
641,2004-05-28 09:39:42,s414,f94
642,2004-07-31 10:43:15,s443,f104
643,2004-06-18 13:26:29,s51,f511
644,2004-05-25 22:20:05,s202,f89
645,2004-06-01 00:10:08,s146,f5
646,2004-08-24 17:22:43,s213,f212
647,2004-05-25 12:46:19,s203,f172
648,2004-05-21 14:22:31,s60,f7
649,2004-08-19 11:56:11,s469,f323
650,2004-05-21 08:19:23,s138,f60
651,2004-05-25 08:22:40,s59,f249
652,2004-06-15 10:29:24,s689,f61
653,2004-10-14 21:56:31,s213,f50
654,2004-10-08 13:59:07,s24,f4
655,2004-05-25 02:31:36,s449,f188
656,2004-05-21 20:39:37,s185,f4
657,2004-05-25 16:12:52,s129,f21
658,2004-05-23 17:26:37,s422,f141
659,2004-08-15 19:44:21,s213,f69
660,2004-05-20 19:29:01,s362,f21
661,2004-06-01 22:59:33,s186,f403
662,2004-05-31 13:29:06,s150,f10
663,2004-07-26 21:12:43,s632,f16
664,2004-09-24 10:35:30,s316,f269
665,2004-07-16 15:23:47,s182,f419
666,2004-05-23 09:38:21,s455,f270
667,2004-06-22 17:15:13,s156,f455
668,2004-08-14 04:48:25,s86,f158
669,2004-05-14 22:12:14,s11,f5
670,2004-05-15 22:07:44,s89,f32
671,2004-06-03 19:42:17,s5,f1
672,2004-05-20 21:38:12,s192,f85
673,2004-05-24 21:14:00,s319,f330
674,2004-05-18 19:30:06,s87,f38
675,2004-06-11 09:48:38,s230,f252
676,2004-05-25 08:21:07,s59,f217
677,2004-06-01 22:08:59,s678,f46
678,2004-05-27 00:58:12,s213,f387
679,2004-05-26 19:43:27,s535,f67
680,2004-05-28 13:16:53,s218,f434
681,2004-08-22 19:52:36,s361,f497
682,2004-09-24 15:42:34,s186,f303
683,2004-05-27 00:38:50,s167,f32
684,2004-05-28 22:53:17,s197,f188
685,2004-09-17 07:30:10,s637,f40
686,2004-07-14 02:03:12,s597,f84
687,2004-05-27 11:33:51,s183,f23
688,2004-05-24 09:51:49,s86,f30
689,2004-08-24 22:09:19,s349,f63
690,2004-07-30 17:15:38,s213,f289
691,2004-10-04 00:41:56,s213,f82
692,2004-06-04 21:50:35,s386,f2
693,2004-05-31 22:37:40,s641,f484
694,2004-05-29 21:24:51,s626,f87
695,2004-06-02 00:35:20,s5,f243
696,2004-07-29 10:24:13,s536,f381
697,2004-07-27 17:08:53,s354,f376
698,2004-05-24 12:54:08,s396,f217
699,2004-08-24 22:03:26,s694,f199
700,2004-05-26 16:14:49,s541,f70
701,2004-05-20 12:25:24,s319,f5
702,2004-10-13 08:50:55,s546,f442
703,2004-05-20 11:38:43,s332,f83
704,2004-05-30 14:23:35,s213,f21
705,2004-06-25 23:54:12,s569,f43
706,2004-10-09 09:57:23,s213,f307
707,2004-09-22 22:00:23,s24,f43
708,2004-05-28 20:05:01,s72,f156
709,2004-05-25 21:12:43,s185,f4
710,2004-05-25 00:42:26,s213,f356
711,2004-09-15 02:02:20,s86,f158
712,2004-05-19 16:52:20,s160,f63
713,2004-06-07 21:41:29,s132,f153
714,2004-06-13 22:42:03,s624,f125
715,2004-05-31 01:45:10,s5,f71
716,2004-09-26 12:20:05,s357,f36
717,2004-06-28 11:37:52,s817,f2
718,2004-06-01 21:21:56,s95,f398
719,2004-06-02 11:06:33,s671,f3
720,2004-10-14 06:27:07,s433,f459
721,2004-10-03 23:13:09,s637,f158
722,2004-09-15 18:14:31,s213,f153
723,2004-05-21 07:06:20,s86,f41
724,2004-05-24 22:34:18,s98,f12
725,2004-05-30 18:20:09,s138,f252
726,2004-05-29 23:36:23,s98,f414
727,2004-05-21 08:36:16,s138,f217
728,2004-08-18 18:22:13,s805,f104
729,2004-06-02 20:30:58,s35,f297
730,2004-10-20 23:16:20,s24,f4
731,2004-06-07 00:49:34,s40,f46
732,2004-06-01 12:35:33,s78,f271
733,2004-05-31 01:04:50,s397,f82
734,2004-05-28 13:15:17,s315,f56
735,2004-09-01 19:20:07,s693,f84
736,2004-10-12 07:44:26,s414,f76
737,2004-05-25 15:29:15,s398,f82
738,2004-06-10 17:43:39,s414,f252
739,2004-05-28 10:19:32,s325,f94
740,2004-06-02 18:29:37,s126,f167
741,2004-06-15 09:06:13,s67,f375
742,2004-07-29 19:32:38,s657,f65
743,2004-05-18 19:51:44,s202,f131
744,2004-05-20 16:10:05,s129,f13
745,2004-05-27 19:53:58,s397,f63
746,2004-06-12 15:03:10,s357,f36
747,2004-06-02 23:06:32,s192,f265
748,2004-05-28 10:37:38,s65,f300
749,2004-07-02 00:54:38,s817,f54
750,2004-05-15 20:48:03,s22,f8
751,2004-05-20 23:52:05,s357,f190
752,2004-05-27 01:38:45,s573,f398
753,2004-10-07 16:42:51,s192,f23
754,2004-05-27 09:54:37,s296,f319
755,2004-05-17 00:18:46,s65,f30
756,2004-07-08 06:03:31,s836,f78
757,2004-09-30 22:17:10,s34,f149
758,2004-06-07 01:27:27,s88,f5
759,2004-09-21 21:24:24,s129,f13
760,2004-05-20 15:24:04,s243,f160
761,2004-06-11 10:16:19,s38,f10
762,2004-05-23 21:22:22,s181,f22
763,2004-05-31 08:06:08,s435,f312
764,2004-06-10 21:00:14,s624,f189
765,2004-06-02 12:35:47,s11,f21
766,2004-05-27 12:13:35,s292,f15
767,2004-06-10 13:16:36,s539,f164
768,2004-05-21 15:05:14,s397,f82
769,2004-06-08 20:06:20,s138,f95
770,2004-05-23 11:13:41,s296,f1
771,2004-05-19 15:17:54,s59,f44
772,2004-06-02 17:46:15,s332,f40
773,2004-06-15 18:44:04,s147,f44
774,2004-05-26 19:58:36,s539,f245
775,2004-06-09 09:02:03,s266,f255
776,2004-05-26 18:48:55,s214,f171
777,2004-06-09 18:53:48,s624,f27
778,2004-06-12 13:25:46,s65,f475
779,2004-08-18 11:57:51,s281,f245
780,2004-08-01 18:36:29,s509,f44
781,2004-06-30 22:23:11,s67,f63
782,2004-05-26 21:36:10,s18,f98
783,2004-07-28 17:46:18,s855,f84
784,2004-07-11 15:32:56,s17,f66
785,2004-05-19 10:38:08,s57,f132
786,2004-09-07 20:12:55,s644,f43
787,2004-06-28 09:50:40,s18,f64
788,2004-07-28 20:18:16,s455,f455
789,2004-05-29 11:55:06,s71,f252
790,2004-05-21 08:22:05,s383,f10
791,2004-05-25 22:57:17,s52,f299
792,2004-06-11 15:28:47,s772,f402
793,2004-07-25 18:18:01,s65,f442
794,2004-06-17 10:52:03,s632,f107
795,2004-05-25 15:22:35,s213,f156
796,2004-05-24 09:02:56,s65,f142
797,2004-09-03 18:35:22,s150,f185
798,2004-07-25 08:58:54,s624,f395
799,2004-07-26 15:59:21,s129,f89
800,2004-06-13 20:45:20,s567,f341
801,2004-08-16 19:36:06,s24,f26
802,2004-05-24 22:23:51,s425,f334
803,2004-06-15 01:03:23,s86,f208
804,2004-05-31 14:34:41,s624,f399
805,2004-05-26 19:25:11,s518,f26
806,2004-06-10 21:56:20,s95,f32
807,2004-07-04 15:17:28,s627,f72
808,2004-05-28 10:00:52,s238,f116
809,2004-09-30 21:17:45,s396,f266
810,2004-06-04 19:19:09,s241,f85
811,2004-05-20 11:47:56,s22,f43
812,2004-07-22 23:48:28,s39,f64
813,2004-06-02 23:38:14,s44,f346
814,2004-05-20 15:34:07,s95,f13
815,2004-05-29 23:36:59,s111,f414
816,2004-05-17 17:21:44,s99,f32
817,2004-05-31 13:47:43,s296,f319
818,2004-08-15 09:02:51,s129,f156
819,2004-09-02 20:49:59,s111,f379
820,2004-06-08 23:44:38,s325,f112
821,2004-06-07 12:38:03,s201,f48
822,2004-06-28 13:30:35,s3,f2
823,2004-09-22 21:23:27,s86,f132
824,2004-06-28 07:50:55,s689,f319
825,2004-05-29 10:28:05,s618,f54
826,2004-07-29 19:07:31,s469,f323
827,2004-08-18 21:00:52,s825,f44
828,2004-05-28 10:49:19,s53,f94
829,2004-05-18 00:10:42,s220,f19
830,2004-05-31 12:41:53,s213,f21
831,2004-08-18 18:25:01,s805,f212
832,2004-06-09 08:25:15,s186,f19
833,2004-06-18 01:44:04,s33,f113
834,2004-06-26 23:26:34,s47,f218
835,2004-05-28 22:18:36,s517,f330
836,2004-08-14 18:25:29,s597,f240
837,2004-05-30 10:13:44,s88,f434
838,2004-08-31 12:23:33,s693,f84
839,2004-06-21 10:28:40,s147,f260
840,2004-05-18 20:52:22,s266,f42
841,2004-06-01 20:23:37,s260,f322
842,2004-06-12 14:36:28,s17,f91
843,2004-05-27 21:01:32,s35,f297
844,2004-08-21 16:38:00,s213,f212
845,2004-06-27 21:39:31,s450,f151
846,2004-05-22 12:33:24,s36,f248
847,2004-09-26 09:58:06,s79,f64
848,2004-05-21 16:39:21,s204,f168
849,2004-06-02 13:30:00,s332,f40
850,2004-05-24 03:41:45,s361,f223
851,2004-06-10 21:51:16,s620,f25
852,2004-05-28 13:00:50,s547,f52
853,2004-05-26 19:32:04,s518,f82
854,2004-06-24 17:53:45,s817,f51
855,2004-05-27 01:18:25,s147,f336
856,2004-06-20 16:35:25,s192,f409
857,2004-05-28 02:02:29,s167,f244
858,2004-06-12 17:30:53,s776,f496
859,2004-05-29 10:26:49,s361,f7
860,2004-05-27 19:27:16,s211,f279
861,2004-05-31 15:49:36,s213,f16
862,2004-05-19 21:03:31,s292,f15
863,2004-05-18 21:28:06,s202,f89
864,2004-05-26 14:21:56,s11,f21
865,2004-06-07 18:39:30,s178,f494
866,2004-06-01 21:39:55,s213,f287
867,2004-06-13 22:48:50,s624,f189
868,2004-06-22 18:26:00,s510,f324
869,2004-08-25 17:18:33,s805,f104
870,2004-08-29 12:09:14,s739,f289
871,2004-05-28 11:32:33,s510,f188
872,2004-07-18 21:04:07,s795,f51
873,2004-06-27 17:20:34,s615,f25
874,2004-06-22 00:09:41,s262,f134
875,2004-07-22 22:14:40,s775,f184
876,2004-06-15 19:52:20,s183,f23
877,2004-06-03 18:32:30,s569,f43
878,2004-06-03 11:45:20,s325,f112
879,2004-08-21 21:40:52,s736,f357
880,2004-06-29 14:52:22,s243,f400
881,2004-06-03 11:48:23,s132,f106
882,2004-07-13 10:27:30,s315,f442
883,2004-08-03 14:08:18,s489,f149
884,2004-08-10 21:18:34,s736,f325
885,2004-07-02 21:11:29,s220,f130
886,2004-06-05 20:48:40,s111,f43
887,2004-06-02 06:35:15,s71,f77
888,2004-07-12 12:25:09,s162,f53
889,2004-05-30 23:11:21,s34,f294
890,2004-07-24 21:18:21,s167,f65
891,2004-08-18 09:04:36,s83,f98
892,2004-09-28 11:54:34,s656,f245
893,2004-07-02 18:02:37,s67,f341
894,2004-07-30 06:36:28,s805,f245
895,2004-05-25 22:36:28,s325,f163
896,2004-05-21 16:18:30,s365,f214
897,2004-06-26 21:54:39,s391,f281
898,2004-09-02 19:14:09,s202,f497
899,2004-08-17 12:11:11,s736,f289
900,2004-06-02 19:07:08,s698,f30
901,2004-06-13 08:59:34,s602,f159
902,2004-05-22 09:54:59,s221,f221
903,2004-05-22 17:19:44,s84,f61
904,2004-08-15 20:42:21,s111,f238
905,2004-05-25 23:18:01,s406,f76
906,2004-06-11 10:01:15,s263,f503
907,2004-05-24 11:39:14,s202,f85
908,2004-07-23 06:48:05,s805,f324
909,2004-08-03 14:07:13,s489,f379
910,2004-05-19 23:43:48,s136,f16
911,2004-05-25 00:17:56,s316,f180
912,2004-06-02 18:33:57,s238,f116
913,2004-06-12 00:24:56,s147,f21
914,2004-06-07 18:36:20,s181,f22
915,2004-06-05 18:27:44,s138,f48
916,2004-06-28 23:48:26,s395,f281
917,2004-09-13 08:28:36,s115,f78
918,2004-08-07 20:08:03,s462,f348
919,2004-07-01 22:51:47,s100,f38
920,2004-08-02 22:46:55,s213,f370
921,2004-05-28 14:35:35,s219,f13
922,2004-05-20 01:36:37,s112,f195
923,2004-06-13 19:17:17,s17,f11
924,2004-06-01 18:42:06,s226,f38
925,2004-06-07 19:29:07,s714,f312
926,2004-05-30 12:27:08,s630,f71
927,2004-06-04 07:29:07,s724,f34
928,2004-05-20 08:19:18,s86,f58
929,2004-08-20 10:07:04,s227,f54
930,2004-05-20 15:26:57,s213,f44
931,2004-05-19 23:31:09,s89,f13
932,2004-06-01 13:50:30,s362,f499
933,2004-05-26 20:44:53,s398,f295
934,2004-09-06 10:22:58,s571,f43
935,2004-05-18 18:59:42,s202,f48
936,2004-06-15 04:58:55,s34,f150
937,2004-05-19 13:46:44,s138,f89
938,2004-05-27 00:39:15,s545,f19
939,2004-06-10 21:44:17,s219,f352
940,2004-05-18 02:15:08,s84,f82
941,2004-10-13 14:25:12,s597,f392
942,2004-06-03 14:51:07,s325,f340
943,2004-06-08 05:21:36,s714,f312
944,2004-07-08 12:27:16,s822,f184
945,2004-08-12 23:03:52,s281,f190
946,2004-05-28 14:19:25,s396,f34
947,2004-05-25 10:58:57,s201,f164
948,2004-09-15 04:44:27,s749,f437
949,2004-05-28 20:50:53,s570,f63
950,2004-05-21 15:33:02,s129,f26
951,2004-05-19 20:14:28,s277,f13
952,2004-05-28 00:34:58,s316,f188
953,2004-05-18 14:11:57,s192,f85
954,2004-05-20 22:39:49,s195,f11
955,2004-07-23 19:12:15,s693,f225
956,2004-06-09 08:13:45,s202,f409
957,2004-06-14 11:43:26,s162,f53
958,2004-07-08 17:19:43,s98,f77
959,2004-05-31 20:15:50,s296,f485
960,2004-06-06 21:26:05,s316,f245
961,2004-06-02 00:15:22,s260,f322
962,2004-07-03 18:41:12,s181,f268
963,2004-06-03 09:24:28,s481,f339
964,2004-06-28 14:21:41,s182,f428
965,2004-06-29 21:53:37,s132,f54
966,2004-07-26 11:33:04,s213,f287
967,2004-05-29 12:02:39,s620,f25
968,2004-06-15 10:37:43,s788,f262
969,2004-08-13 23:34:59,s361,f225
970,2004-08-19 22:19:20,s844,f298
971,2004-05-26 21:46:28,s299,f380
972,2004-06-22 17:16:21,s156,f419
973,2004-05-27 16:05:33,s213,f338
974,2004-06-26 13:43:15,s483,f346
975,2004-10-10 22:55:57,s53,f446
976,2004-05-18 23:56:59,s111,f7
977,2004-05-28 01:37:10,s332,f40
978,2004-05-19 07:35:03,s115,f44
979,2004-07-26 16:55:05,s386,f10
980,2004-05-29 23:26:18,s98,f99
981,2004-08-23 12:02:48,s736,f26
982,2004-05-27 00:12:52,s539,f110
983,2004-05-22 16:33:03,s406,f281
984,2004-09-02 07:54:47,s350,f226
985,2004-06-06 11:08:24,s724,f245
986,2004-08-07 18:40:24,s270,f63
987,2004-09-24 06:06:47,s227,f419
988,2004-05-19 07:34:09,s132,f30
989,2004-05-18 10:45:11,s210,f77
990,2004-06-15 16:34:21,s202,f85
991,2004-05-24 01:15:23,s111,f121
992,2004-05-25 19:50:53,s183,f35
993,2004-05-25 23:40:03,s201,f13
994,2004-05-23 22:23:00,s277,f289
995,2004-10-14 15:46:17,s147,f17
996,2004-05-31 18:55:35,s597,f79
997,2004-05-17 07:36:06,s50,f37
998,2004-05-27 18:56:00,s600,f82
999,2004-05-17 20:34:16,s17,f8
